Designator,Val,Package,Mid X,Mid Y,Rotation,Layer
"C1","10uF","C_0603_1608Metric",194.945000,-104.775000,90.000000,top
"C2","100nF","C_0402_1005Metric",156.210000,-106.680000,0.000000,top
"C3","10uF","C_0603_1608Metric",189.865000,-104.775000,270.000000,top
"C4","100nF","C_0402_1005Metric",187.325000,-100.330000,90.000000,top
"C5","100nF","C_0402_1005Metric",180.340000,-95.504000,180.000000,top
"C6","100nF","C_0402_1005Metric",175.895000,-106.045000,180.000000,top
"C7","100nF","C_0402_1005Metric",174.244000,-101.600000,90.000000,top
"C8","20pF","C_0402_1005Metric",167.640000,-101.600000,270.000000,top
"C9","20pF","C_0402_1005Metric",167.640000,-105.410000,90.000000,top
"C10","20pF","C_0402_1005Metric",172.720000,-98.425000,90.000000,top
"C11","20pF","C_0402_1005Metric",167.640000,-98.425000,90.000000,top
"D1","~","D_SOD-123",194.945000,-99.695000,90.000000,top
"D2","YEL","LED_0603_1608Metric",191.770000,-99.060000,0.000000,top
"D3","BLUE","LED_0603_1608Metric",191.770000,-100.965000,0.000000,top
"R1","NM","R_0402_1005Metric",153.670000,-106.680000,0.000000,top
"R2","22R","R_0402_1005Metric",200.660000,-100.330000,0.000000,top
"R3","22R","R_0402_1005Metric",200.660000,-101.600000,0.000000,top
"R4","1.5k","R_0402_1005Metric",200.660000,-102.870000,0.000000,top
"R5","NM","R_0402_1005Metric",156.210000,-96.520000,180.000000,top
"R6","5.1k","R_0402_1005Metric",200.660000,-104.140000,0.000000,top
"R7","5.1k","R_0402_1005Metric",200.660000,-99.060000,0.000000,top
"R8","470","R_0402_1005Metric",189.230000,-99.060000,180.000000,top
"R9","470","R_0402_1005Metric",189.230000,-100.965000,180.000000,top
"SW1","~","SW_SPST_TL3342",161.925000,-104.775000,0.000000,top
"SW2","~","SW_SPST_TL3342",161.925000,-98.425000,0.000000,top
"U1","XC6206P332MR","SOT-23",192.405000,-104.775000,90.000000,top
"U2","STM32F103CBT6","LQFP-48_7x7mm_P0.5mm",180.340000,-101.600000,315.000000,top
"Y1","8M","Crystal_SMD_Abracon_ABM3-2Pin_5.0x3.2mm",170.180000,-103.505000,270.000000,top
"Y2","NM (32.768k)","Crystal_SMD_EuroQuartz_EQ161-2Pin_3.2x1.5mm",170.180000,-98.425000,180.000000,top
